work_unit,lower_bound,upper_bound,expected_output,output_variance,wage_cost,expected_idle_time,idle_variance
1,4.0,15.0,15.22949397042487,0.00017339877332962314,19.769733223887215,59.978878376230824,0.0002082472918982395
2,2.0,13.0,3.0,0.00028263188495389335,8.235479392790818,41.16656399355566,0.0003590043659573076
3,1.0,10.0,19.723956633870316,0.00024644265711452424,24.511935530482567,37.7257724536954,0.0004262010087193728
4,4.0,11.0,30.485168383275344,0.00011543387620750106,35.499379795770345,43.46575049363386,0.0002608765602691174
5,1.0,12.0,13.544982532669149,0.00040264640964226514,28.5329940601424,58.248031970132686,9.671172960122215e-05
6,2.0,11.0,21.379291382217037,0.0002141972505508098,31.02035604139442,29.356229935659577,0.00023053355526830835
7,4.0,10.0,14.239404843757875,0.00019983215686263605,31.84310280813675,53.61950042474963,0.00020605492361045274
8,1.0,13.0,5.73025018317292,0.00010160072927844689,20.622376874699686,40.85292359532732,0.00046388923597266604
9,2.0,9.0,21.460675313655752,0.0006837159027285411,27.396515444109404,39.018760102074225,0.00010155469400310296
10,4.0,11.0,9.254558078113273,0.00026744170215457113,14.063102304020223,57.407949569164245,0.00042852207105304943
11,1.0,10.0,7.349690589030494,0.00024414349706232175,26.51445009092413,50.546154250116665,0.00014182945757265487
12,3.0,10.0,8.791921185746638,0.00035650447442899826,8.0,74.05871584504052,6.879767486920286e-05
13,3.0,10.0,16.474904713482246,0.00015322143387017442,27.922408260994935,25.112502861864222,0.0003760956830277024
14,2.0,9.0,11.794187382146117,0.00031276154820033847,22.649663412112094,53.33260017976199,7.756089004382064e-05
15,4.0,12.0,24.863736284951177,0.0003076347173233227,22.517063765796934,45.25952950026155,0.0004477649656545204
16,1.0,7.0,13.730119973751954,0.00040993365582965357,23.963176555979707,43.26308966004048,0.0005054549829240502
17,4.0,10.0,19.648182773629454,0.0004639304361570387,39.067153096951756,12.34396356080029,0.0005917524625449341
18,1.0,13.0,17.995382881611217,0.0003554530345353914,21.833551644623242,24.476783347132884,0.0003361939751587122
19,1.0,13.0,14.533045676123741,0.0003184160381217081,25.242509742463618,62.65400629910545,0.0005724287792361586
20,3.0,10.0,10.24023322775658,0.0003922725826612141,23.847241186245213,47.2032563960303,0.0004245556758591181
21,1.0,12.0,21.810352037301726,0.0003402368948939465,26.2545169608503,68.44850123090437,0.0005516098381752278
22,3.0,15.0,13.709649476094484,0.0002508744607104109,29.921496589573902,62.52559127480524,0.00023723391982033524
23,2.0,8.0,24.50725402740156,0.00020357546872459286,25.69225214301377,60.77376491397046,0.00028830415324984616
24,4.0,12.0,12.456059162339443,0.00040983291639098724,24.76823976951973,15.478722660386815,0.00024047463597175132
25,3.0,13.0,3.0,0.00046594169027988375,25.41507578558593,44.68658430436255,0.000478069311520099
26,3.0,11.0,19.334591572887796,0.00020553315678528648,28.77702139198868,59.96985021443668,0.00025467869612271073
27,1.0,8.0,17.282600149596846,0.00022448633504018088,13.286140642757811,23.660978800495347,0.00036429184795693057
28,3.0,11.0,14.07623971291453,0.00020796767957155879,8.624724124759314,43.44951484860297,0.0005432017691017072
29,4.0,11.0,22.757032144043933,0.00017885862858939378,13.907780469700285,24.810568716124006,0.00036314738583767195
30,2.0,13.0,4.152601527090647,0.000516886010239836,23.08568112856154,53.24931122863127,0.00013953391940411798
31,4.0,13.0,11.290347646388849,0.0005135291232602206,8.0,70.46160414992457,0.0002160575324735757
32,4.0,12.0,37.022080720585166,0.00021060581217798176,40.597192592297674,48.43718859202564,7.271766122552915e-05
33,4.0,12.0,3.0,0.00016280087528981567,29.956489206328477,51.2668095987818,0.00033898164075689744
34,3.0,9.0,19.932096125476008,0.0004669648807896155,12.278159851633205,45.7425350313148,0.00019128995211928462
35,1.0,12.0,29.855024730754952,0.0007325250943279643,23.759025781538483,25.64551914726194,0.000261573777168499
36,1.0,13.0,19.31016895537194,0.0003186767234765579,26.399189495919074,21.81238962017373,0.00023928478936427236
37,2.0,12.0,18.768282074196133,0.0006632892798353779,14.58647932665609,55.52924306049174,0.0005840280421592915
38,1.0,7.0,20.031083161371004,0.0007003006490541776,11.606434294804846,37.00153808136103,0.0001428588533207053
39,3.0,13.0,14.218870139411823,0.0003725560288228379,18.47129138290325,21.770882448580004,0.0002403700111446006
40,2.0,12.0,17.892708691775695,0.0001647180122259309,24.383603140023496,68.2080258274969,0.00015537772348695576
41,2.0,12.0,21.67158772548367,0.0002727560968887201,14.823866415453985,30.828395915976273,0.0008451207093664947
42,1.0,9.0,11.587440328141543,0.000323644090660385,21.270373426527808,42.42030307960306,0.0005915934226575603
43,4.0,16.0,10.291466997275133,0.0005979630455700245,34.9096358665806,47.398842395209556,0.0001475024589217741
44,1.0,11.0,6.102813553142651,0.00028899146669780345,25.925511712035203,64.95425748329288,0.0004158252110893401
45,2.0,9.0,16.381432678241175,0.00020067350842219834,21.30930900781245,45.11931791856937,0.0004091983829824608
46,2.0,9.0,8.0794567357438,0.0006744339722211039,21.2799569048239,61.042040901706905,0.0001468549251218178
47,3.0,9.0,10.833071683999783,0.00023629453225488135,27.349420759866135,54.36117005278957,0.0003095252935628701
48,4.0,10.0,25.482773387822995,0.00044741979847056534,8.0,48.45551128977024,0.0002346608507674856
49,2.0,11.0,15.966836913377435,0.0003434426657962285,8.0,32.42024519941843,0.00026732385076212424
50,4.0,12.0,17.197089952520034,0.00034092647667490785,24.322598366375644,40.39542771736414,0.00017635839010093262
51,4.0,10.0,3.0,0.00028572102878360577,21.508816895643264,27.460056973177736,0.0001533449448238424
52,3.0,15.0,15.729818797588402,0.00040805181459060595,18.056136333292486,8.0,0.0001573167648123834
53,4.0,13.0,12.921489669814816,0.00031294299362839714,23.04318175450409,27.690026309613337,0.00037414387393096477
54,2.0,8.0,25.330326207653144,0.0002205317501836342,19.49657200245005,60.50968484194855,0.00021883579983920234
55,1.0,13.0,3.0,0.0003330985445148024,11.676176475546391,28.976579899002747,0.0002907134501024205
56,2.0,12.0,19.247140120300436,0.0008174563890748066,20.579594101205174,26.487592564360806,0.00025680181886487296
57,2.0,11.0,15.098430458510277,0.0005128091305359076,20.00959765136624,50.04302945732027,0.00016606498040857494
58,2.0,8.0,9.190798118749454,0.000259008178109485,30.579568737258782,46.16444049844587,0.00041500383339211714
59,2.0,11.0,15.111175373688228,0.0004939310713341703,21.87810000810383,60.01807378439449,0.0003254680182010108
60,4.0,14.0,20.411506028998925,0.0004398084927662021,22.305119085508707,68.00723026475814,0.00021442902832281878
61,1.0,10.0,23.099807313632812,0.0003232745371186182,20.37408648463914,75.31107407037535,0.0002081886871077779
62,1.0,9.0,26.43087694647415,0.00026821728261534645,15.563761058861493,69.44364149749411,0.00035470868151132943
63,2.0,12.0,21.146107238555146,0.00040755305723360084,20.32908838166213,28.431176723663512,0.0002826355238877537
64,2.0,12.0,13.371562907153757,0.0002555425099979651,23.43780759662177,23.485572899981282,0.0005251617192661553
65,3.0,10.0,12.491825489706226,0.00015350433153689128,20.934168553694594,58.0889398589204,0.0011759277111370431
66,3.0,13.0,23.11976978129312,0.00028884969765112663,11.883997806722647,17.158057792299825,0.0003006778776297822
67,4.0,12.0,12.285555755251476,0.0001286301298222997,18.8132577964044,47.54922672667535,0.00024271868836555434
68,1.0,7.0,7.234713376797238,0.00039860925880474263,17.382564480796376,57.20763939045393,0.0004892360593830429
69,2.0,14.0,9.45575002801339,0.0001955923027674687,15.365164819745942,36.85192339997202,0.0003194408464419059
70,2.0,11.0,15.063921913487627,0.0002089089132299613,28.341175586863425,59.74986651918416,0.0005955138206714265
71,4.0,16.0,17.63298140471975,0.0001198514847347465,21.269184300181372,39.22386338374409,0.0005337689658124837
72,4.0,14.0,18.562686542745848,0.00038799104877054144,21.053447156522093,46.81747146689072,0.00011917187018680652
73,3.0,12.0,15.770937583803335,0.00014808507303176095,24.406800882847687,68.013582645707,0.0004211493868678598
74,3.0,14.0,8.53182899975628,0.0007100716485763436,17.527888448619596,46.407932391761015,0.00041940305896335877
75,3.0,12.0,7.650405244850097,0.0004781444516084716,28.418499690739164,38.99912630230224,0.0002999576827914041
76,3.0,11.0,3.0,0.00033151596229273237,21.922938703453628,23.104689072861227,0.00014061106266864129
77,1.0,13.0,18.471491868251793,0.0002570411465806732,18.667028026727323,36.857186182967105,0.00010828035712096722
78,4.0,12.0,6.887496268602879,0.0003912728078496464,11.007886551872916,37.46148870527965,0.0003664447350260947
79,1.0,10.0,24.509239041641408,0.00013429429960762156,9.901090221261434,29.670956409152623,0.0007285504958312254
80,3.0,15.0,18.496248896847284,0.00020218378904467312,23.459066809899063,31.05036103047461,0.0001793635956781345
81,3.0,13.0,3.0,0.0006369695696510837,19.7614936494162,41.695167610124244,0.0002979175708171962
82,4.0,13.0,21.959123264443676,0.0002010199949431045,28.49629647439896,25.601479169863282,0.00029144331067837187
83,2.0,9.0,17.768398148185224,0.00033233225501169716,18.799738684674825,59.52121030066223,0.00022397783518005417
84,1.0,12.0,14.728668284299058,0.0002006341037414016,25.764878242385876,41.88800848490734,0.0001400593392127458
85,2.0,8.0,21.93876673090084,0.00037853870059217367,20.663647955166834,58.77941326400755,0.0001889547983454116
86,1.0,7.0,9.297032196793598,0.00011130261039706078,12.121800525778928,50.010190399734256,0.0002675773105317015
87,3.0,10.0,9.813396537448241,0.0003873899158579066,24.02430866335921,29.932485165044042,0.0005557710219320435
88,4.0,16.0,16.697048562119768,0.00020029155391097748,25.703508717582366,49.27848204649377,0.00021803750513880418
89,2.0,11.0,26.171696358386573,0.00022349837073317222,29.906340790294728,41.14779913773114,0.00029637855426094175
90,1.0,10.0,24.27382458661729,0.00028258669143453195,40.4971700547451,73.04622048312397,9.609991942155707e-05
91,2.0,12.0,9.297040989307883,0.0004902934623091838,13.299199528020639,66.37475273826828,0.00029443907188998774
92,1.0,11.0,15.319130012453087,0.00031549674458488823,16.38473597597404,55.54523788104636,0.00037551936228119934
93,2.0,12.0,14.680252683238459,0.0004707633957357776,14.718355129531904,51.50748517542621,0.0006198117601201717
94,4.0,16.0,24.231432842871307,0.0003481796606982732,21.711317663140775,22.705796365761515,0.0002916526067969528
95,3.0,14.0,12.506722002797257,0.00012672638260691928,27.06717287174465,39.42920626011119,0.0002449238795448446
96,3.0,11.0,6.800902162988933,0.0004242273089165928,21.572688844610532,47.2839233073983,0.0003534062312431101
97,3.0,12.0,14.517307000843598,0.00015962036497021493,24.454452146144114,18.61037754990241,0.0001526396452050773
98,2.0,13.0,21.48027618075816,0.00026239787445609563,30.527528793580288,42.91423906182461,0.0002489468504035976
99,2.0,8.0,14.856450838382724,0.0004576771937647005,30.956346241522162,18.57528409769221,0.0003573840041501447
100,1.0,11.0,11.435613095353403,0.00036044995906329974,16.48494378940348,24.947386214854053,0.0002638536758938756
101,4.0,13.0,24.740807431563454,0.00016672197597032638,35.6666630184401,35.85227833529114,0.00013002702493439418
102,4.0,15.0,12.221429067128392,0.0005828809128657877,17.796003405069158,26.53925161190365,0.0005198168534234995
103,4.0,12.0,3.5042023350304206,0.00029280956001417137,13.126409777181209,60.08875302636207,0.0003772748823575428
104,3.0,12.0,16.875083215806665,0.00041939294106269867,16.223968272944546,63.26941765574094,0.00035016319263615146
105,3.0,14.0,23.819117729061688,0.0004429322932238043,23.85370290440548,71.62714877636304,0.00029892444046828256
106,3.0,12.0,24.941609783706383,0.0003636828747327125,32.006695354059005,38.78905162229236,0.00015957484262301815
107,4.0,12.0,3.0,0.00044239300911006656,8.894264954114986,51.34985508971659,0.0002925173620572737
108,2.0,14.0,10.836486979317538,0.0001856733170586593,17.821989293291765,45.913008382014745,0.00011254264191188783
109,2.0,13.0,19.099330226138314,0.00020273391967074619,24.437269100609537,36.93678133152417,0.00019636965759361108
110,2.0,12.0,7.003932812725617,0.0004764172109446954,24.794918001953526,42.96445031168318,0.0002714879160556985
111,4.0,15.0,14.39789948987741,0.0006839317004042448,21.93032524220819,47.41224535633019,0.00031675074749013514
112,3.0,14.0,10.063942769508907,0.00012878121793065143,22.233796352369477,38.266633800576486,0.00012182728145158675
113,4.0,15.0,13.715725701884223,0.0001973544685919787,13.745468651133843,43.96905087414808,0.0003975446941024397
114,4.0,13.0,15.695755414358976,0.00027586072000895226,14.925403881986496,21.481226480427296,0.0003835866554966234
115,1.0,11.0,22.297572777967705,0.000340613232685701,25.572680207660458,9.742427013336702,0.0009598881207099675
116,2.0,9.0,7.826145002303994,0.00042368832442871195,13.889882316349885,22.295167271841503,0.00025497282001467526
117,4.0,13.0,16.651438849153777,0.0002637140647341639,14.442493766145663,51.56155794368711,0.0005618562632354254
118,2.0,11.0,15.980604252888094,8.29365496477734e-05,8.0,35.21763171075294,0.0003065520703809532
119,3.0,12.0,14.0082107643416,0.00029272371757861615,8.0,32.24591787517978,0.0003141490439171783
120,2.0,9.0,10.921806197620516,0.00027044663718807615,24.741715188304973,27.677919747222003,0.00044383407243896145
121,4.0,11.0,13.74727826243251,0.00036021848565109626,15.499533961440694,35.5482235782669,0.00041839394202116244
122,2.0,13.0,15.738800029015577,0.0007534025508667085,12.714396423201393,31.032982103606273,0.00012463196125958858
123,1.0,9.0,8.87331320865164,0.0006830283216956236,11.108993133594975,47.47642839917766,0.0004761386998807482
124,4.0,11.0,6.120510952766974,0.0004021877914646661,24.022085189393614,30.94748112326448,0.00016119869618212568
125,1.0,13.0,25.1506643667179,0.0002358323605990493,19.728838254381166,9.915242433562327,0.0005317178464554338
126,4.0,15.0,18.533154895877757,9.539032422257632e-05,26.782312794503476,44.46964555847008,0.00038709084985261193
127,1.0,12.0,15.724125189355325,0.0003969235545160841,20.078309038052048,17.92843913611644,0.0005105416155785243
128,4.0,15.0,23.145727617415115,0.00038791763821413214,8.915380376035976,23.940939670295847,0.0009114068247164718
129,1.0,13.0,18.765199379406468,0.00034777256592438953,27.108951627738605,56.44415175426441,0.00031385560346691623
130,4.0,15.0,8.182206737670018,0.00022587082146175412,8.0,57.28678071779195,0.0004913984102033603
131,3.0,11.0,21.884848065632077,0.00014268026923310904,22.7133914090603,53.32108348288715,0.0004585301510009886
132,4.0,12.0,12.712401880467539,0.0003091005032817157,26.579599457669154,55.872171410512266,0.00010268250837547471
133,1.0,7.0,11.60004636731981,0.0009721426368104796,34.75770344194357,22.97062831116657,0.00038855508909981694
134,2.0,13.0,15.979874592421995,0.00037177199726512455,28.112486569488887,49.7105126760144,0.00017580396830709833
135,1.0,8.0,10.38614387696071,0.0001521849923691033,13.959482697624665,34.34570794078637,0.0002502979313443151
136,4.0,11.0,7.992659127372168,0.00024957241512296057,26.795124753057955,25.916249093099314,0.00021871969387594474
137,4.0,15.0,18.309720990448735,0.00021392386342660184,16.846306929136325,73.71231351953752,0.0005270894068181691
138,2.0,9.0,33.28925526821668,0.0001523416123459991,28.808750207061287,52.37210583084053,0.00047001288106489445
139,3.0,10.0,24.624486402673,0.00026925463704407284,38.82453162113863,32.33185997705151,0.00043821678892269335
140,2.0,10.0,16.69121559154029,0.00032902273037044175,16.641960258966247,59.72559489963969,9.358295171062795e-05
141,3.0,15.0,19.412879363587308,0.00023699895522558693,36.3234161788589,34.51058409932124,0.00017943535683950885
142,1.0,8.0,23.527394265108466,0.00026214994787120914,33.91329942693116,17.248747877861817,0.000891622595455491
143,4.0,13.0,17.810036232519316,0.0006152882103903278,20.33809194810811,36.748188882616226,0.0002471264737839184
144,1.0,10.0,15.043572466366493,0.00032070856796258826,26.31573866219255,54.63076175416047,0.00024050526588378126
145,1.0,13.0,33.05816961764853,0.00039702487455043814,34.05141072251841,54.04664225626703,0.00037703360868074365
146,2.0,8.0,18.208091911957727,0.00015261959131447622,23.94479713430577,46.467135423896615,0.0007686316679307931
147,3.0,9.0,14.824302822598046,0.0005618302744480712,13.369266342798477,54.911670785416895,0.0002628383608670268
148,2.0,12.0,7.172367929359563,0.0002067075859455345,8.0,51.58454737015606,0.00032354812502790817
149,2.0,12.0,17.579494246641797,8.542763687829875e-05,26.035831322263732,53.64275541594827,0.0005732020079165128
150,4.0,14.0,3.637549218052504,0.00027990951008637695,17.026473201762784,69.7717184240193,0.0004511859645665913
151,4.0,12.0,20.50642968072851,0.0002815904418008686,32.89888496796896,52.92647870295849,0.0003753286965385548
152,1.0,7.0,15.533739977720446,7.902093552549031e-05,23.319323474524307,31.485832959342133,0.0001486050318376521
153,1.0,11.0,17.62848461569823,0.00027954567107333386,31.649671768178855,25.94591319539411,0.0004641504837714703
154,1.0,8.0,13.411000337860692,0.0002870171998563663,12.434824482532868,32.15949456330725,0.00015154487334511033
155,3.0,14.0,15.968451956407861,0.00012848703808713554,8.0,35.80444615502475,0.00038102012489394
156,1.0,12.0,19.655397694859957,0.00014102191984192273,15.927245811629389,53.26806544261515,0.00024326138604834971
157,3.0,12.0,12.680322084414446,0.0004068442582327399,25.227425431925205,77.25176041459989,0.00010125657365119647
158,4.0,10.0,10.28513811758361,0.00019948665074524395,10.56603951338606,26.732133043574507,0.0003815464216720021
159,2.0,9.0,20.24304112898851,0.000228954173331632,20.00015054596528,31.729848347917667,0.0001584536987046149
160,4.0,15.0,19.20681781834003,0.0002753172156380777,31.242187683930982,65.02613733930727,0.00027822878839355746
161,4.0,16.0,19.2094029340388,0.0004156456158820929,21.966834738185756,35.068486146382334,0.0004558358272930247
162,2.0,11.0,16.287175466121358,0.0009073253265579184,36.306539092678605,46.79328786024439,0.0002313247490177071
163,1.0,10.0,8.160095524103014,0.0003906057330172951,8.0,25.434229354479164,0.0001846688865118285
164,3.0,9.0,8.540557392469914,0.00022653835880329388,20.868352509757084,45.97964876922739,0.0005723401471920517
165,1.0,9.0,12.524946119490604,0.0002665430036180052,15.708601101123211,54.16480549156004,0.0001410647920006959
166,4.0,10.0,5.385932330340392,0.0001794160047931503,8.0,50.10139237951187,6.774163320380729e-05
167,1.0,7.0,12.11786590056676,0.00027228422721915893,14.727698572934504,25.620854797730843,0.000125647869751539
168,4.0,15.0,16.59600619472217,0.0003481615968687642,11.12649683406736,43.11139815684345,0.000368573968866491
169,4.0,10.0,15.48877840966515,0.00021709822571722276,27.913928451117222,69.22503459868098,0.0003047895853426985
170,1.0,11.0,13.968301809628699,0.0001592907264391365,29.60394573111936,43.690850406948265,0.00030941711616329153
171,3.0,10.0,22.34279127497341,0.0010170140801998965,27.580665707373807,43.009791484525365,0.0002677565284917805
172,3.0,12.0,18.9434327081666,0.0005228226013991615,17.7301306355581,47.37457104236148,0.0003178549216783722
173,3.0,9.0,27.731065992742536,0.00025421456275683983,25.169856275070995,49.567478207333636,0.0003130174607051107
174,4.0,16.0,20.936554732518157,0.0002696309516989325,17.88759513237207,39.696836425875425,0.00036677448288454045
175,1.0,11.0,22.480361198708916,0.00013556655649124807,8.0,49.07881317888797,0.00022251945075019185
176,2.0,9.0,8.566173560727472,0.00033471355857837533,18.748664412671868,49.65934735194902,0.0002723347707049679
177,4.0,13.0,33.81992589972292,0.00023886193968210217,37.94853447241853,33.35532056875741,0.0005309743953425219
178,2.0,9.0,10.81493816131568,0.00019705270315662697,26.3300307744663,46.78023720115972,0.0003367117323477924
179,2.0,11.0,3.7178154926465155,0.00039796629067936744,9.898684655708365,20.332915005941445,0.0005510247102684306
180,4.0,10.0,25.210023258106585,0.00023847161812853978,35.06261816253581,58.56016529263305,0.0002299220485528697
181,1.0,7.0,15.08981752886778,0.0003353600330815323,21.974278002253314,50.526684114329754,0.0001697688735191183
182,1.0,11.0,5.1618704505184745,0.0005835483769135527,9.970032627292323,45.64105332869777,0.00015529184850810696
183,3.0,10.0,16.340279107413863,0.0005459959260052406,35.02684667811071,33.285174287094144,0.00010928476584259117
184,3.0,10.0,6.028423998597198,0.0002243145287790907,32.923028310090636,51.825087718465234,0.00016067611682424942
185,1.0,12.0,14.257077393282213,0.00020178082574262815,8.0,40.048709511975524,0.00017653333272991012
186,4.0,15.0,3.0,0.0003409124178025562,15.076223377072804,44.50322724220701,0.00021210815706062587
187,2.0,8.0,15.089215998579412,0.0004897449958008856,28.011981200035184,51.58101918655363,0.00027064573558125554
188,1.0,9.0,13.417822505624354,0.000687166248291998,30.398183194505858,62.02354026862636,0.0002094658345958482
189,2.0,10.0,25.708755183706515,0.0004898719568518042,11.511409764942327,73.26116131255654,0.000196226161755625
190,1.0,12.0,10.753495848603114,0.0007734550276605733,15.801057340810406,54.37832785888609,0.0006284011218553737
191,2.0,8.0,16.212371240384634,0.0005348955172116409,8.0,58.97132063418972,0.000195214544399593
192,2.0,13.0,20.241929244221545,0.0003241226576676697,17.35363246355162,40.383517857271904,0.00026576876429286743
193,2.0,11.0,23.389401340226435,0.0002661524857258188,36.2918169343676,35.810410520727714,0.00019717807488891443
194,4.0,16.0,19.922389074642155,9.734103231802854e-05,34.92258326909836,52.50564626451468,0.0003264607520815584
195,1.0,9.0,12.59111739913973,0.0002242398648089597,19.110419842103603,49.23273935253612,0.0003250646918908626
196,4.0,14.0,16.531156237784277,0.000274695727110402,28.688781933964492,52.23320444775215,0.00011887404082226587
197,2.0,12.0,28.325069553682923,0.0005614796591785163,25.153211491069186,35.713177301209456,0.00018305219029505384
198,3.0,10.0,12.166059684494346,0.00011230764450392962,29.155852221047624,32.40737207271871,0.0004457439563940855
199,1.0,13.0,8.920204856003078,0.00023773124107887757,23.904212863969125,29.207947853262308,0.00010408347029924762
200,2.0,9.0,9.495808148699505,0.0006352555507604086,34.96245392427197,23.52068574442608,0.00036017302731884465
201,2.0,8.0,14.827672209136153,0.00026644748202920806,31.105354082705745,14.298218467160105,0.00020516626275909774
202,1.0,13.0,15.110123555723613,0.00027930518259563353,22.215951028253738,61.301118183102844,0.00012977385310234118
203,1.0,13.0,15.239792595795432,0.0002207539768771864,24.09222758887893,56.627182206220894,0.00015594011134825318
204,1.0,7.0,11.848781287108324,0.00043688873977811455,31.77868103086319,60.646228262995216,0.00014010301649332392
205,2.0,14.0,10.864035526006841,0.0002385942296707663,14.957922023972564,83.34696969777204,0.0003405844040184937
206,1.0,13.0,19.382946502835306,9.413424545900393e-05,22.726774284807203,39.511865627542036,0.0004411199888485905
207,3.0,9.0,25.967357289015755,0.00016180999245520735,16.162682155317462,76.16403990615225,0.00022781725592595784
208,4.0,10.0,12.283809883151012,0.00020377439563239421,25.12870339876992,27.800571637091142,0.0005498786470053807
209,4.0,11.0,15.99071616883579,0.00038347927771839124,16.300946100416645,95.0,0.00038971639054074863
210,2.0,11.0,5.86958768272342,0.0002433041696522681,21.181239899419662,30.876767598992224,0.00020413527799112918
211,2.0,9.0,17.681881527479987,0.0003412485583220632,19.53597640607233,71.25907972603729,0.000955465189892527
212,3.0,9.0,21.479076831536283,0.00016141064373388327,26.599791774413298,35.80552934504702,0.00015633061534894274
213,2.0,11.0,11.769545177909485,0.00014944431131368548,28.923387203148373,42.60861296869371,0.00032006325562150334
214,3.0,13.0,17.269251581667323,0.00024036607956520146,20.057765270981953,45.38289440338665,0.0005075079824221826
215,2.0,14.0,15.70551826924869,0.0001836009558817989,38.41911366030177,73.91512924746556,0.0002740645943474751
216,3.0,12.0,25.16666418062298,0.0002741334168115595,14.611258438019913,22.239317387725816,0.00014366340698556023
217,3.0,10.0,10.658257252884649,0.0001825840071470247,8.0,62.02682536908883,0.0006614916995909375
218,2.0,8.0,15.083564673107745,0.0005518208767534493,8.0,44.66042030578642,0.00023524590898113727
219,4.0,12.0,9.535721072053356,0.0002290926030343211,19.968693560166738,53.37399308730683,0.0001352798618284362
220,2.0,12.0,15.294444807334042,0.0004287407273661802,34.10961619362866,33.079284236197395,0.00039147181333492643
221,3.0,14.0,29.084227556657297,0.0001797415229298782,23.466072325226552,54.55277778890582,0.0002978128798373573
222,3.0,13.0,6.709724239003986,0.0004087139965313559,8.0,85.67896942961451,0.00031307164797007955
223,3.0,9.0,19.308426251702564,0.0005590885185008151,13.642753231376187,35.16593918497796,0.0002295718831709328
224,2.0,8.0,9.50479212826145,0.00022567230637890055,8.0,46.44895411781138,0.0008198394601595598
225,1.0,7.0,16.67695939343957,0.0003946700589796892,8.0,55.05647061204212,0.00013268144703901981
226,2.0,12.0,16.435369507969003,0.0004914189973451549,37.84784267801699,58.784464741664614,0.0003632045227820036
227,1.0,8.0,18.391524298397893,0.0005315697692542456,16.285547411891727,43.16053088567358,0.00016944510397232362
228,3.0,11.0,15.422401326841994,0.00029232430858695704,12.380522723129022,57.67525341909298,0.0009610710995267247
229,1.0,8.0,14.934914055766216,0.00033185062714071215,25.097562838070104,46.222274697470915,0.0004953513936680233
230,4.0,15.0,28.486381677212474,0.0005513241704008918,15.838886560674588,40.81548856044554,0.00017047410100970006
231,2.0,9.0,19.44898854545841,0.0002788853848693118,18.338004183694597,41.199150431017394,0.00030881472254209026
232,2.0,13.0,3.240526833724413,0.0002542817233802708,23.49761884581843,45.91869642163448,0.00042003686433303406
233,1.0,13.0,7.956766179478784,0.00024232863398205662,23.023685286929734,59.489576714661645,0.0006714852406741487
234,1.0,7.0,20.667384680431397,0.0006202528674822891,28.537446419670854,47.5862910497594,0.000291059665723373
235,4.0,10.0,10.016920745310186,0.00011532340583050202,20.453003073143062,21.890235930926938,0.00018457100274911272
236,2.0,8.0,3.0,0.0002533009473117857,31.60135931851557,63.92909891702108,0.00014812631413459315
237,4.0,15.0,16.91404867112785,0.0005724771936318558,21.503412823487515,40.10883420661375,0.0002042438783074366
238,1.0,13.0,7.6024384984736955,0.0005926657649973207,17.828937891638084,63.61565093620716,0.0007501159840104532
239,3.0,13.0,12.322826854157006,0.00012241701132387325,26.562422391814287,29.897215740173806,0.0002783233515664984
240,3.0,12.0,18.62796715103671,0.0004300441187184235,23.2028089196771,56.96026721330404,0.00015303996751068953
241,1.0,10.0,11.648776528035887,0.00021811355405707523,33.007497554783406,60.45509854381556,0.00020049821306663895
242,2.0,14.0,8.929945118369506,0.0001680712433858798,15.07542613899341,40.73701964881125,0.0004936160498111804
243,3.0,11.0,10.10655695930794,0.0001832962894721417,8.0,47.247695708981304,0.0005698923912893361
244,2.0,8.0,11.25159884074144,0.0002720490575850445,20.357780547808957,25.849971712569058,0.0001127017634646007
245,4.0,14.0,17.50294072244108,0.00019815102524647685,32.569191452170514,47.48577083219733,0.0004219608824174816
246,3.0,15.0,7.4068056796661175,0.00023574258153758203,12.623670518720152,56.411565288450774,0.00021689398976716128
247,3.0,14.0,18.617331865463715,0.0002626519846506738,22.77669436508568,30.279210826948958,0.00015556058657647514
248,3.0,12.0,22.212251390659276,0.0003038425837441955,22.705429135672414,52.69686606595401,0.0001070429442320726
249,4.0,14.0,17.514031169267795,0.0008430668894073754,16.87378877367018,37.075673492516856,0.0001658700913762256
250,1.0,8.0,14.919298296486609,0.0004727886879562008,24.482083813947014,44.553117668691606,0.00041343111827518724
251,1.0,8.0,20.868084110418557,0.00014648775595032444,21.163373224933075,33.523194463974974,0.00029500753820856524
252,4.0,11.0,31.875955058598706,0.0002547494944622704,29.223288749775826,29.684215586744187,0.0002856957388985312
253,3.0,9.0,7.468341420140918,0.00030086131289110775,17.17673857099559,43.474942975470995,0.00023831560892921246
254,3.0,14.0,13.14153933251184,0.00016170803332950833,19.511195311130606,57.013303704240855,0.00021806925108969612
255,4.0,13.0,3.0,0.0003074020129699,28.5535943906413,35.09194311663202,0.0002505837935665767
256,1.0,11.0,10.82651318306316,0.0002312430151679711,32.35128576710398,40.88102221290614,0.0003827134191953797
257,4.0,14.0,28.1415566995813,0.0008453879150502882,13.751083904961487,53.94823437507362,0.000150921980530188
258,3.0,9.0,26.46408694476826,0.00030153760130224004,14.597916465350968,26.632891715141028,0.00024493456516389104
259,3.0,14.0,26.150179899296973,0.000570892039243294,27.30519706529518,75.62687760556267,0.0007175171271675316
260,3.0,9.0,17.73763695780515,0.00036863705172613477,34.07299728410729,19.740335803625232,0.00047425209935895795
261,2.0,13.0,16.283530720815868,0.0004008253809539311,18.623673221274302,36.00069659077481,0.0004303258255320555
262,4.0,13.0,28.12235586375505,0.00034892272718394895,18.75076993567382,23.948457485932007,0.00026012994607772284
263,4.0,14.0,16.274532232247946,0.00014059458790800496,15.80809802131028,25.571909553614514,0.0002838713700066435
264,3.0,12.0,7.4891016254767635,0.0005527650276632302,25.36180457103155,27.887010720806565,0.00018537828933681258
265,3.0,9.0,19.170615816993518,0.00039146108455732676,11.74383576045934,51.8409550341101,0.0003828063301889931
266,2.0,8.0,3.0,0.00019749953065606915,18.0354579569966,38.85163879375114,0.00021037810424286987
267,2.0,14.0,23.376971102207186,0.00037486419255668206,29.190798200536587,23.730888345788998,0.000426446958140895
268,4.0,15.0,10.602725539986778,0.00041347448471628837,10.95647506777365,66.60226498345644,0.00018945938940821222
269,2.0,10.0,33.36141029049696,0.0004909690194047425,25.681985087258177,27.14379779738692,0.0005367337083383923
270,1.0,7.0,14.173723874144532,0.00039459928784786884,16.25395067048564,51.51716163950455,0.0001661786465060009
271,4.0,13.0,21.49311035082292,0.00010625231816082063,19.270054802077993,67.6222804363629,0.00022997773666478313
272,4.0,10.0,24.696148580245723,0.00044146146788371965,25.73038017587474,45.83931641825323,0.0003944181673372565
273,2.0,10.0,16.16353520372618,0.0005488347070036603,22.648465154293277,54.562274289492265,0.000822864386766081
274,3.0,15.0,11.761638135979256,0.00035277312198456467,17.460002240716605,61.85949274276575,0.0004286640984026477
275,1.0,7.0,24.044975685778713,0.0005529619823536655,8.900226380883375,45.56835848573861,0.00046098858236970824
276,1.0,13.0,36.9751433258248,0.0002187997380150936,21.39229604061936,25.97405139160239,0.0006668798531123126
277,3.0,13.0,11.828735627818661,0.0003743536858445465,8.0,58.215844406544036,0.0002472720071689721
278,3.0,11.0,14.143771519604366,0.0003197944004946631,24.12790350883365,48.9827030550638,0.0003966999862675268
279,2.0,9.0,21.210124797632567,0.00036309117663167197,21.14607011947653,66.04844529847767,0.00036273752648871734
280,1.0,9.0,10.489712724946779,0.0002032389041849551,28.1720896844864,47.721775233908055,0.0006397394916541199
281,1.0,12.0,16.903376425900273,9.092778575287506e-05,16.33487466096471,34.04254337805842,0.0004113961732303974
282,2.0,9.0,16.585200655754722,0.00022390074085816935,15.236273848084867,48.259959756277084,0.0003493029794399129
283,2.0,14.0,20.35699264803409,0.0002860338779784299,15.388030144516025,54.45196393809533,0.0005757451656625216
284,4.0,15.0,17.663591108594318,0.0002753428287972489,20.41168402905585,31.82583521295583,0.0007589396958743006
285,3.0,11.0,17.572730250606405,0.0005501488248212489,21.00055136184513,42.16756758626659,0.0003012811417430628
286,4.0,11.0,14.783335045877708,9.86529773738746e-05,26.51652817036212,58.91652085761116,0.00020044877527221648
287,2.0,13.0,25.440751677793077,0.00022675117163073057,31.60021340839249,53.10528629304144,8.227190152950814e-05
288,3.0,11.0,25.401663705607064,0.000394078700446798,33.39418895559821,74.69369993886039,0.00020862942837129183
289,4.0,12.0,14.34360321449866,0.00016399813326064292,22.51559171213355,56.579770497682695,0.00026144825012021345
290,3.0,10.0,18.02974672213002,0.0003748057663665071,30.162442295126258,34.2098235119107,0.00024445009822934117
291,3.0,14.0,5.834183282978612,0.00023269146616802322,20.63850974835038,18.70997254248442,0.00027857255367244084
292,3.0,13.0,17.89825281694143,0.0001936321889926434,24.81537514880435,87.64387142161928,0.00026683197395655807
293,1.0,8.0,7.249035402239439,0.0004874897628675816,19.500804373544284,25.69523621657463,6.804362020406364e-05
294,1.0,13.0,18.47489731376277,0.0006761086317565949,24.57766517679463,38.74291080224386,0.00040231167383756157
295,3.0,9.0,22.058281940223175,0.0003038465851437284,15.799462734474421,49.75866752040036,0.00011787964064372603
296,1.0,8.0,6.53841135820948,0.0006233662888038024,16.192338405206506,49.94817730644088,0.00011833563209542342
297,1.0,12.0,21.15753324903158,0.000839836494977071,12.437216600016031,64.7139656679539,0.0001760846188974668
298,4.0,12.0,19.777003238827216,0.0005195718805030814,18.915762056494938,72.70740329235791,0.0006204507842266788
299,1.0,12.0,24.57087515463899,0.00018065903682135714,25.710138062669103,30.687372120071927,0.00021591668893478986
300,3.0,14.0,16.132173024268706,0.0001818480138515253,33.23451978732285,27.78625882679461,0.00019059142115158362
301,1.0,11.0,19.22657021524093,0.00024506754569351074,18.253997754162345,12.161911394849923,0.00036372288679504747
302,4.0,13.0,12.811257415906793,0.00018575883910647338,14.472747675756036,26.430737072218726,0.0005067782390863215
303,4.0,13.0,3.8476887789991743,0.0002636370972637415,21.503295030985512,53.69702278607662,0.0006269853917741498
304,1.0,10.0,18.830558910869815,0.0007241892198897789,24.446322778405538,44.963766597640564,0.00029556511668507547
305,2.0,8.0,26.141538432777544,0.00019054590288303524,20.43330166517229,43.17583716478821,0.0003172307320758352
306,4.0,12.0,19.86927094814937,0.000469053394554228,21.273542997991655,54.449087068363745,0.0003863731808478382
307,1.0,11.0,16.300512070778275,0.00046025813322296045,24.199624711603718,38.54948132583809,0.0005159088892860797
308,4.0,10.0,32.74059278050311,0.0005514604964907575,8.0,78.79855350092014,0.00021774130196986955
309,2.0,9.0,19.28309077106546,0.00020576926906215481,14.278709225352614,52.472229746111616,0.00016958148551305462
310,2.0,9.0,15.49578354252319,0.00011007326789241938,9.130458505403677,46.37200936422446,0.0003282693521934021
311,4.0,12.0,17.63762201239972,7.799425666174924e-05,26.237855494923096,29.234087674106053,0.00021387898211195052
312,4.0,15.0,10.788510916885276,0.0003448057528685938,28.290417656046834,64.43876476915116,0.00014785719115868888
313,1.0,7.0,14.643547307185784,0.0004862531646516754,42.12355989943241,32.50643370888021,0.00028227654585785905
314,2.0,12.0,15.093668423390495,0.00031869547568228433,23.471857793035536,25.10531239482322,0.0003465020962212273
315,3.0,12.0,8.836044837606561,0.00020975884352876224,20.25168561576795,45.64437799260863,0.0001340626962514586
316,2.0,11.0,19.369475629353005,0.0003968309665747842,27.968452036723317,32.23993106011822,0.0002988538117174795
317,4.0,14.0,7.993379012420881,0.0006788843010964153,23.724955826953533,46.99821491598238,0.00016837308312111192
318,1.0,8.0,10.639659733308346,0.0005860039326267913,14.319090471920651,10.81236481821049,0.0005845932000335801
319,3.0,14.0,18.523892864841464,0.00015163689508871584,19.482648850259608,28.544796074653753,0.0005987273221097739
320,4.0,15.0,13.5598853361634,0.0001406981817945377,34.65826030110412,34.73226689994067,0.0003603065816648486
321,2.0,12.0,25.72116149477816,0.0002656097607687468,15.184640616391404,39.615109643403144,0.0002632397857328779
322,1.0,12.0,3.0,0.0001314395781614479,18.093145987105657,45.237464104133174,0.00017045223413739003
323,3.0,13.0,21.630917065100274,0.0005174409975853594,28.977593938162883,47.44474262431127,0.00010007481183767326
324,2.0,12.0,15.220122934496619,0.0001862015602716592,17.71609501792065,10.536435081373739,0.00015068968339594942
325,1.0,12.0,4.2128420760283785,0.00019155298646869126,23.611315294887298,8.0,0.00031457293754167797
326,4.0,16.0,23.661334973284426,0.0003536961966855389,24.34242869809401,58.47398001404086,0.00032211759915774736
327,2.0,11.0,24.383727803600756,0.0006358706223956598,12.045411921873058,38.46097160109335,0.00029861080109125224
328,4.0,11.0,24.889059046594262,0.00010728415829052386,20.37029568228795,53.59429573808786,0.00030826062452049335
329,3.0,13.0,20.81620712356741,0.0005849777515901058,15.402533504239988,59.18785802485953,0.0001630829573799916
330,1.0,9.0,7.925104312317835,0.00018313570928287043,20.42657013358838,76.16910207211204,0.0003349331668801855
331,1.0,8.0,18.370045571548523,0.00013401827084649293,24.597460656499813,36.78573895150623,0.0005466906393781242
332,1.0,9.0,19.97098887246059,0.00040096672121718216,8.0,51.762227494473,0.0004075661027448944
333,3.0,13.0,17.944621889234895,0.00018782551782963404,20.608345570558416,59.23194191994318,0.0001358629067600821
334,1.0,10.0,24.68151553716853,0.00036430838103499477,19.023786059977805,58.7522113043167,0.00013269562176481767
335,4.0,16.0,16.305966171316893,0.00020670070531099668,19.896565070301392,31.45997578786057,0.00016405965496891234
336,1.0,7.0,7.907743855723528,0.00019184458335238063,35.40055061263375,25.105172185351687,0.000589786325726309
337,2.0,9.0,12.535744734472772,0.0002807094784905661,25.868944453978298,28.869575445778377,0.00030657472459631816
338,3.0,15.0,17.89165028748199,0.00024241680012348439,10.45468457609082,48.184768759121994,0.0005690555534388962
339,2.0,9.0,18.11620068664415,0.00085431952206185,17.208802523193196,32.90655226337623,0.0002431218508094556
340,3.0,13.0,24.276756579888747,0.0007044271808293566,22.681648559421124,57.36263423160558,0.0002067955060498258
341,1.0,12.0,16.539296369652007,0.00045692711785491196,17.59993545386732,65.47688668336822,0.0003171256115378731
342,1.0,13.0,17.172428287399654,0.0003204846678800598,33.81550685510525,29.26323984422073,0.00015319142279501948
343,2.0,8.0,11.060340927516478,0.00016010910370086744,25.175885852464663,53.99977415517979,0.00013345616995750977
344,2.0,8.0,17.727866871381682,0.0004885091027780817,29.783123589395103,8.0,0.00011734990289386702
345,1.0,10.0,5.86342017797163,0.00016701547093694364,39.11264451808073,19.735571524763817,0.0005938465579944366
346,4.0,16.0,21.150564847582004,0.0004260466603316861,13.05495087655898,57.35601321489833,0.00015985075568635402
347,3.0,9.0,30.497571474876096,0.0002890004105648643,22.391171492865702,38.3692429889331,0.0003444823631012517
348,4.0,14.0,21.025329911863977,0.0002851324204886317,19.31018241896894,39.07014980768042,0.00027722560153860195
349,1.0,11.0,3.6642134673017654,0.00023614405563105625,30.3311804192496,57.22642134733263,0.0009380532729508746
350,3.0,10.0,13.257233032260439,0.00012363238629673536,31.1905532563539,36.19727102825594,0.00018643341955490203
351,4.0,12.0,17.73068309378608,0.0003141019609961178,8.0,63.121180187222166,0.0006876911459545647
352,4.0,16.0,20.15307125871076,0.00031029029583908957,17.194111907691507,32.54022781400451,0.00021419898535620562
353,2.0,14.0,20.229841013329207,0.0007341466652692127,29.290672594603258,14.443299839093921,0.00023114594160734676
354,3.0,9.0,3.0,0.00045112820882354913,19.475358953730787,38.30422295407406,0.0004970879238895679
355,4.0,15.0,14.917985857592704,0.0002043484510933157,17.1712432757085,25.741193176735774,0.0002730092033538314
356,4.0,15.0,18.085645552944353,0.0007547466517345391,23.11281284057108,36.47476283062565,0.0001355931307434086
357,2.0,12.0,10.404505927075425,0.00032090898895276024,25.7656102205812,60.43142072252296,0.00022093298790779386
358,4.0,16.0,12.063944172652022,0.0003047975223425711,20.974341716001337,56.78380200211119,0.00022413517659879782
359,4.0,11.0,9.830724014627595,0.00017850921238805022,29.400500257199266,26.158175467973965,0.0005946798134450786
360,2.0,8.0,16.994350554598917,0.0001713202186798672,28.014544177437994,58.11109534098469,0.0002916594661878762
361,3.0,12.0,9.461370746401746,0.00017057100140310783,32.88036195923297,43.04319554077088,7.960429905673508e-05
362,4.0,14.0,22.669460257426294,0.00042635092678679974,34.30718613652613,50.40260288297978,0.00023367541602803304
363,1.0,9.0,26.520048676937236,0.0004043501589728312,20.782902616748064,45.759782528679864,0.0003981624561382946
364,4.0,11.0,4.657598868679756,0.0003360361988526018,31.784917917003405,63.63496795631516,0.0006888464973223345
365,3.0,13.0,14.748399879932794,0.00025275809535794984,24.318637513004525,43.088248019460835,0.00011463995487616655
366,2.0,9.0,13.387976852207522,0.0005167290907144134,19.21399141668164,35.74259159686267,0.00042594664594022017
367,2.0,8.0,28.352305119137473,0.00016811840952152862,18.346667038001975,31.2344368233153,0.00022020314408169555
368,2.0,11.0,7.645277889362456,0.0004617990634960365,22.91702037936983,58.094756184567004,0.00017867871369384454
369,2.0,9.0,18.98967012795845,0.0002204012711647306,8.0,37.24815317684632,0.0001736734155337647
370,3.0,11.0,19.817027310192906,0.00019923474336960032,21.18071571265862,59.18855363124756,0.0014795996328358543
371,3.0,11.0,18.279548552515827,0.0002201275286819588,18.933449178292392,50.01789356972762,0.0012541875207907113
372,3.0,13.0,14.942651303491907,0.00020164734702737992,22.106277353888597,14.737227225471404,0.00016661364349114
373,3.0,14.0,14.901810394024585,0.00018017332333396935,27.549699977014917,32.35411905194434,0.0008716593775122272
374,1.0,10.0,35.71444683228772,0.00027099131318997547,18.910421730859603,52.349514037553256,0.00016501590441003955
375,2.0,13.0,14.650361803127403,0.0005091498493895246,26.95402907538581,26.19722853875745,0.0001453592452384093
376,2.0,12.0,25.52523904717291,0.00021445788590158016,25.539219779385203,21.062950100848735,0.0003336113301468696
377,2.0,13.0,9.855654370337652,0.00014555792565626525,17.097733996042436,51.20473826853036,0.00025703043871600905
378,1.0,8.0,24.737212960410904,0.00011998568245212068,29.6854668870389,41.462941641605816,0.00023933415463636506
379,4.0,12.0,3.0,0.0005175878854926853,8.0,29.807099253365106,0.0008008819669222958
380,1.0,13.0,32.27180744691715,0.0007014002861471933,26.102839830122594,51.24981287714031,0.00031831027442785233
381,1.0,10.0,18.882892008105657,0.00010517360651991444,34.52905787328301,62.59914471799688,0.0004312104790105945
382,1.0,7.0,22.048825016553167,0.000489355577172021,23.509644077283237,53.190905907850976,0.0002637458393707245
383,3.0,13.0,16.968964555936797,0.0009317892108231681,18.05898789861886,62.34085516308304,0.00027666821774058613
384,3.0,15.0,28.136270743782802,0.00028802948684269856,16.96637364139253,37.066283642379446,0.0007739965583110876
385,3.0,11.0,12.900985619229882,0.00038542637636434525,38.118281808373915,64.19932943517074,0.0001454598583329886
386,3.0,15.0,10.054757314770637,6.159992940455953e-05,16.98392034089192,40.86328051626748,0.0005703558256686865
387,1.0,10.0,13.561345903819458,0.00010958882280416045,18.769737991206156,68.46895189717884,0.00050635701234203
388,2.0,11.0,20.275684166246513,0.0003625602975058029,19.465048394372552,45.551310681860016,0.0004644912050189807
389,2.0,8.0,19.063935605073087,0.00039260249231995404,20.10319789799945,43.93049251916685,0.0003273904552171692
390,4.0,16.0,9.430416838297186,0.00044718085469536557,24.88619152765028,72.7907374585556,0.00023828459815069977
391,1.0,11.0,14.572968142427648,0.00010687173089498764,20.815849163393054,49.572186662516955,0.0002853891917564105
392,3.0,13.0,28.641041405883648,0.00039333338613861685,25.367837900438406,39.992412410550074,0.00011278652919339618
393,4.0,13.0,8.206510684563968,0.0001971886125084648,23.688868124978796,58.820058614662564,0.00020961268251421815
